cr√©ditos,Barco_total,Barco_ejercicios,Barco_memes,Barco_ferias,Barco_creditos,Media_total,Media_ejercicios,Media_memes,Media_ferias,Media_creditos,Brillante_total,Brillante_ejercicios,Brillante_memes,Brillante_ferias,Brillante_creditos
"{'Ejercicios_CP01': 17, 'Ejercicios_CP05': 81, 'Ejercicios_CP06': 87, 'Hacer_TC': 90, 'Resolver_TC': 66, 'Exponer_TC': 51, 'Feria_Flotante': 79, 'Feria_Errores': 73, 'Feria_Sistemas': 92, 'Feria_Interpolacion': 55, 'Feria_Combinada': 93, 'Tarea_Extra1': 53, 'Tarea_Extra2': 75, 'Participar_Clase': 54, 'Detectar_Errores': 27, 'Hacer_Meme': 98, 'Hacer_Chiste': 59}",8,2,2,0,547,11,3,2,1,731,15,3,2,4,1029
"{'Ejercicios_CP01': 89, 'Ejercicios_CP05': 44, 'Ejercicios_CP06': 39, 'Hacer_TC': 40, 'Resolver_TC': 55, 'Exponer_TC': 7, 'Feria_Flotante': 86, 'Feria_Errores': 12, 'Feria_Sistemas': 88, 'Feria_Interpolacion': 23, 'Feria_Combinada': 20, 'Tarea_Extra1': 2, 'Tarea_Extra2': 24, 'Participar_Clase': 40, 'Detectar_Errores': 3, 'Hacer_Meme': 74, 'Hacer_Chiste': 71}",7,3,2,1,445,11,3,2,2,596,14,3,2,4,700
"{'Ejercicios_CP01': 27, 'Ejercicios_CP05': 21, 'Ejercicios_CP06': 25, 'Hacer_TC': 88, 'Resolver_TC': 55, 'Exponer_TC': 24, 'Feria_Flotante': 78, 'Feria_Errores': 38, 'Feria_Sistemas': 96, 'Feria_Interpolacion': 42, 'Feria_Combinada': 51, 'Tarea_Extra1': 56, 'Tarea_Extra2': 79, 'Participar_Clase': 67, 'Detectar_Errores': 97, 'Hacer_Meme': 1, 'Hacer_Chiste': 38}",6,0,2,1,387,10,1,2,2,595,15,3,2,3,803
"{'Ejercicios_CP01': 4, 'Ejercicios_CP05': 67, 'Ejercicios_CP06': 23, 'Hacer_TC': 9, 'Resolver_TC': 67, 'Exponer_TC': 25, 'Feria_Flotante': 44, 'Feria_Errores': 52, 'Feria_Sistemas': 61, 'Feria_Interpolacion': 9, 'Feria_Combinada': 6, 'Tarea_Extra1': 62, 'Tarea_Extra2': 13, 'Participar_Clase': 99, 'Detectar_Errores': 5, 'Hacer_Meme': 77, 'Hacer_Chiste': 61}",8,2,2,0,419,11,3,2,1,551,15,3,2,3,669
"{'Ejercicios_CP01': 60, 'Ejercicios_CP05': 62, 'Ejercicios_CP06': 8, 'Hacer_TC': 67, 'Resolver_TC': 76, 'Exponer_TC': 69, 'Feria_Flotante': 64, 'Feria_Errores': 20, 'Feria_Sistemas': 43, 'Feria_Interpolacion': 29, 'Feria_Combinada': 40, 'Tarea_Extra1': 25, 'Tarea_Extra2': 53, 'Participar_Clase': 50, 'Detectar_Errores': 56, 'Hacer_Meme': 64, 'Hacer_Chiste': 87}",8,2,2,0,515,11,3,2,1,663,15,3,2,3,824
"{'Ejercicios_CP01': 9, 'Ejercicios_CP05': 74, 'Ejercicios_CP06': 58, 'Hacer_TC': 8, 'Resolver_TC': 81, 'Exponer_TC': 37, 'Feria_Flotante': 50, 'Feria_Errores': 86, 'Feria_Sistemas': 44, 'Feria_Interpolacion': 67, 'Feria_Combinada': 84, 'Tarea_Extra1': 24, 'Tarea_Extra2': 57, 'Participar_Clase': 1, 'Detectar_Errores': 15, 'Hacer_Meme': 60, 'Hacer_Chiste': 42}",7,2,2,1,372,10,3,2,2,546,14,2,2,5,756
"{'Ejercicios_CP01': 48, 'Ejercicios_CP05': 12, 'Ejercicios_CP06': 91, 'Hacer_TC': 94, 'Resolver_TC': 49, 'Exponer_TC': 47, 'Feria_Flotante': 67, 'Feria_Errores': 62, 'Feria_Sistemas': 64, 'Feria_Interpolacion': 78, 'Feria_Combinada': 94, 'Tarea_Extra1': 27, 'Tarea_Extra2': 36, 'Participar_Clase': 47, 'Detectar_Errores': 48, 'Hacer_Meme': 24, 'Hacer_Chiste': 16}",8,2,2,0,415,11,3,2,2,599,14,2,2,5,829
"{'Ejercicios_CP01': 86, 'Ejercicios_CP05': 40, 'Ejercicios_CP06': 92, 'Hacer_TC': 72, 'Resolver_TC': 35, 'Exponer_TC': 72, 'Feria_Flotante': 42, 'Feria_Errores': 27, 'Feria_Sistemas': 96, 'Feria_Interpolacion': 65, 'Feria_Combinada': 87, 'Tarea_Extra1': 4, 'Tarea_Extra2': 74, 'Participar_Clase': 68, 'Detectar_Errores': 18, 'Hacer_Meme': 41, 'Hacer_Chiste': 53}",8,3,2,0,470,11,3,2,1,712,15,3,2,4,910
"{'Ejercicios_CP01': 22, 'Ejercicios_CP05': 72, 'Ejercicios_CP06': 79, 'Hacer_TC': 94, 'Resolver_TC': 43, 'Exponer_TC': 61, 'Feria_Flotante': 33, 'Feria_Errores': 78, 'Feria_Sistemas': 100, 'Feria_Interpolacion': 65, 'Feria_Combinada': 4, 'Tarea_Extra1': 82, 'Tarea_Extra2': 15, 'Participar_Clase': 85, 'Detectar_Errores': 86, 'Hacer_Meme': 55, 'Hacer_Chiste': 38}",8,2,2,0,558,11,3,2,1,774,15,3,2,4,993
"{'Ejercicios_CP01': 18, 'Ejercicios_CP05': 47, 'Ejercicios_CP06': 99, 'Hacer_TC': 23, 'Resolver_TC': 91, 'Exponer_TC': 83, 'Feria_Flotante': 22, 'Feria_Errores': 98, 'Feria_Sistemas': 7, 'Feria_Interpolacion': 85, 'Feria_Combinada': 65, 'Tarea_Extra1': 13, 'Tarea_Extra2': 83, 'Participar_Clase': 97, 'Detectar_Errores': 54, 'Hacer_Meme': 28, 'Hacer_Chiste': 2}",7,2,1,1,506,11,3,2,1,700,15,3,2,3,886
"{'Ejercicios_CP01': 82, 'Ejercicios_CP05': 96, 'Ejercicios_CP06': 15, 'Hacer_TC': 95, 'Resolver_TC': 29, 'Exponer_TC': 58, 'Feria_Flotante': 49, 'Feria_Errores': 98, 'Feria_Sistemas': 46, 'Feria_Interpolacion': 72, 'Feria_Combinada': 72, 'Tarea_Extra1': 80, 'Tarea_Extra2': 87, 'Participar_Clase': 12, 'Detectar_Errores': 66, 'Hacer_Meme': 72, 'Hacer_Chiste': 31}",8,2,2,0,512,10,2,2,1,765,15,3,2,4,985
"{'Ejercicios_CP01': 92, 'Ejercicios_CP05': 31, 'Ejercicios_CP06': 87, 'Hacer_TC': 28, 'Resolver_TC': 94, 'Exponer_TC': 14, 'Feria_Flotante': 8, 'Feria_Errores': 77, 'Feria_Sistemas': 9, 'Feria_Interpolacion': 82, 'Feria_Combinada': 25, 'Tarea_Extra1': 77, 'Tarea_Extra2': 99, 'Participar_Clase': 14, 'Detectar_Errores': 25, 'Hacer_Meme': 47, 'Hacer_Chiste': 28}",8,2,2,0,406,11,3,2,0,608,15,3,2,3,820
"{'Ejercicios_CP01': 86, 'Ejercicios_CP05': 13, 'Ejercicios_CP06': 19, 'Hacer_TC': 18, 'Resolver_TC': 41, 'Exponer_TC': 1, 'Feria_Flotante': 49, 'Feria_Errores': 5, 'Feria_Sistemas': 53, 'Feria_Interpolacion': 25, 'Feria_Combinada': 3, 'Tarea_Extra1': 50, 'Tarea_Extra2': 26, 'Participar_Clase': 53, 'Detectar_Errores': 49, 'Hacer_Meme': 75, 'Hacer_Chiste': 8}",8,3,2,0,353,11,3,2,2,456,15,3,2,3,566
"{'Ejercicios_CP01': 54, 'Ejercicios_CP05': 32, 'Ejercicios_CP06': 92, 'Hacer_TC': 68, 'Resolver_TC': 65, 'Exponer_TC': 85, 'Feria_Flotante': 5, 'Feria_Errores': 53, 'Feria_Sistemas': 63, 'Feria_Interpolacion': 49, 'Feria_Combinada': 96, 'Tarea_Extra1': 8, 'Tarea_Extra2': 87, 'Participar_Clase': 23, 'Detectar_Errores': 53, 'Hacer_Meme': 66, 'Hacer_Chiste': 61}",8,2,2,0,521,11,3,2,1,717,15,3,2,3,906
"{'Ejercicios_CP01': 13, 'Ejercicios_CP05': 82, 'Ejercicios_CP06': 33, 'Hacer_TC': 77, 'Resolver_TC': 26, 'Exponer_TC': 77, 'Feria_Flotante': 88, 'Feria_Errores': 2, 'Feria_Sistemas': 44, 'Feria_Interpolacion': 48, 'Feria_Combinada': 85, 'Tarea_Extra1': 48, 'Tarea_Extra2': 43, 'Participar_Clase': 24, 'Detectar_Errores': 31, 'Hacer_Meme': 9, 'Hacer_Chiste': 27}",8,2,2,0,360,11,3,2,2,546,15,3,2,4,729
"{'Ejercicios_CP01': 52, 'Ejercicios_CP05': 93, 'Ejercicios_CP06': 38, 'Hacer_TC': 23, 'Resolver_TC': 68, 'Exponer_TC': 67, 'Feria_Flotante': 83, 'Feria_Errores': 34, 'Feria_Sistemas': 55, 'Feria_Interpolacion': 100, 'Feria_Combinada': 5, 'Tarea_Extra1': 9, 'Tarea_Extra2': 96, 'Participar_Clase': 96, 'Detectar_Errores': 46, 'Hacer_Meme': 2, 'Hacer_Chiste': 96}",8,2,2,0,548,11,3,2,2,769,15,3,2,4,949
"{'Ejercicios_CP01': 74, 'Ejercicios_CP05': 27, 'Ejercicios_CP06': 65, 'Hacer_TC': 66, 'Resolver_TC': 76, 'Exponer_TC': 22, 'Feria_Flotante': 72, 'Feria_Errores': 7, 'Feria_Sistemas': 66, 'Feria_Interpolacion': 85, 'Feria_Combinada': 33, 'Tarea_Extra1': 41, 'Tarea_Extra2': 91, 'Participar_Clase': 92, 'Detectar_Errores': 93, 'Hacer_Meme': 7, 'Hacer_Chiste': 22}",8,2,2,0,466,11,3,2,1,654,15,3,2,3,899
"{'Ejercicios_CP01': 5, 'Ejercicios_CP05': 3, 'Ejercicios_CP06': 90, 'Hacer_TC': 12, 'Resolver_TC': 49, 'Exponer_TC': 16, 'Feria_Flotante': 46, 'Feria_Errores': 62, 'Feria_Sistemas': 95, 'Feria_Interpolacion': 73, 'Feria_Combinada': 31, 'Tarea_Extra1': 3, 'Tarea_Extra2': 26, 'Participar_Clase': 59, 'Detectar_Errores': 19, 'Hacer_Meme': 43, 'Hacer_Chiste': 18}",7,1,2,1,340,11,3,2,3,483,14,2,2,5,632
"{'Ejercicios_CP01': 68, 'Ejercicios_CP05': 80, 'Ejercicios_CP06': 52, 'Hacer_TC': 97, 'Resolver_TC': 54, 'Exponer_TC': 79, 'Feria_Flotante': 66, 'Feria_Errores': 36, 'Feria_Sistemas': 79, 'Feria_Interpolacion': 44, 'Feria_Combinada': 65, 'Tarea_Extra1': 54, 'Tarea_Extra2': 96, 'Participar_Clase': 5, 'Detectar_Errores': 12, 'Hacer_Meme': 36, 'Hacer_Chiste': 91}",7,3,2,0,503,11,3,2,1,695,15,3,2,3,934
"{'Ejercicios_CP01': 22, 'Ejercicios_CP05': 78, 'Ejercicios_CP06': 81, 'Hacer_TC': 68, 'Resolver_TC': 9, 'Exponer_TC': 86, 'Feria_Flotante': 47, 'Feria_Errores': 3, 'Feria_Sistemas': 65, 'Feria_Interpolacion': 76, 'Feria_Combinada': 69, 'Tarea_Extra1': 12, 'Tarea_Extra2': 71, 'Participar_Clase': 69, 'Detectar_Errores': 18, 'Hacer_Meme': 99, 'Hacer_Chiste': 100}",8,2,2,0,602,11,3,2,1,768,15,3,2,4,961
"{'Ejercicios_CP01': 19, 'Ejercicios_CP05': 100, 'Ejercicios_CP06': 54, 'Hacer_TC': 16, 'Resolver_TC': 18, 'Exponer_TC': 98, 'Feria_Flotante': 70, 'Feria_Errores': 66, 'Feria_Sistemas': 57, 'Feria_Interpolacion': 43, 'Feria_Combinada': 67, 'Tarea_Extra1': 99, 'Tarea_Extra2': 26, 'Participar_Clase': 1, 'Detectar_Errores': 59, 'Hacer_Meme': 50, 'Hacer_Chiste': 29}",8,2,2,0,490,11,3,2,2,645,15,3,2,5,838
"{'Ejercicios_CP01': 39, 'Ejercicios_CP05': 41, 'Ejercicios_CP06': 58, 'Hacer_TC': 25, 'Resolver_TC': 7, 'Exponer_TC': 80, 'Feria_Flotante': 60, 'Feria_Errores': 83, 'Feria_Sistemas': 45, 'Feria_Interpolacion': 65, 'Feria_Combinada': 35, 'Tarea_Extra1': 64, 'Tarea_Extra2': 15, 'Participar_Clase': 79, 'Detectar_Errores': 62, 'Hacer_Meme': 73, 'Hacer_Chiste': 51}",8,3,2,0,483,11,3,2,2,695,15,3,2,5,860
"{'Ejercicios_CP01': 70, 'Ejercicios_CP05': 44, 'Ejercicios_CP06': 46, 'Hacer_TC': 25, 'Resolver_TC': 38, 'Exponer_TC': 50, 'Feria_Flotante': 73, 'Feria_Errores': 59, 'Feria_Sistemas': 20, 'Feria_Interpolacion': 66, 'Feria_Combinada': 28, 'Tarea_Extra1': 22, 'Tarea_Extra2': 65, 'Participar_Clase': 59, 'Detectar_Errores': 13, 'Hacer_Meme': 41, 'Hacer_Chiste': 77}",8,3,2,0,400,11,3,2,2,604,15,3,2,3,748
"{'Ejercicios_CP01': 23, 'Ejercicios_CP05': 75, 'Ejercicios_CP06': 62, 'Hacer_TC': 56, 'Resolver_TC': 9, 'Exponer_TC': 40, 'Feria_Flotante': 75, 'Feria_Errores': 24, 'Feria_Sistemas': 72, 'Feria_Interpolacion': 97, 'Feria_Combinada': 3, 'Tarea_Extra1': 16, 'Tarea_Extra2': 66, 'Participar_Clase': 90, 'Detectar_Errores': 64, 'Hacer_Meme': 47, 'Hacer_Chiste': 25}",8,2,2,0,469,11,3,2,2,664,15,3,2,4,832
"{'Ejercicios_CP01': 51, 'Ejercicios_CP05': 70, 'Ejercicios_CP06': 46, 'Hacer_TC': 82, 'Resolver_TC': 43, 'Exponer_TC': 15, 'Feria_Flotante': 98, 'Feria_Errores': 85, 'Feria_Sistemas': 99, 'Feria_Interpolacion': 99, 'Feria_Combinada': 6, 'Tarea_Extra1': 51, 'Tarea_Extra2': 2, 'Participar_Clase': 32, 'Detectar_Errores': 69, 'Hacer_Meme': 73, 'Hacer_Chiste': 7}",7,3,1,0,423,11,3,2,3,659,15,3,2,4,920
"{'Ejercicios_CP01': 65, 'Ejercicios_CP05': 61, 'Ejercicios_CP06': 52, 'Hacer_TC': 22, 'Resolver_TC': 28, 'Exponer_TC': 29, 'Feria_Flotante': 50, 'Feria_Errores': 86, 'Feria_Sistemas': 13, 'Feria_Interpolacion': 30, 'Feria_Combinada': 78, 'Tarea_Extra1': 6, 'Tarea_Extra2': 71, 'Participar_Clase': 41, 'Detectar_Errores': 99, 'Hacer_Meme': 76, 'Hacer_Chiste': 27}",8,3,2,0,450,11,3,2,2,685,15,3,2,4,799
"{'Ejercicios_CP01': 12, 'Ejercicios_CP05': 98, 'Ejercicios_CP06': 18, 'Hacer_TC': 24, 'Resolver_TC': 78, 'Exponer_TC': 77, 'Feria_Flotante': 99, 'Feria_Errores': 96, 'Feria_Sistemas': 18, 'Feria_Interpolacion': 51, 'Feria_Combinada': 82, 'Tarea_Extra1': 2, 'Tarea_Extra2': 72, 'Participar_Clase': 78, 'Detectar_Errores': 34, 'Hacer_Meme': 79, 'Hacer_Chiste': 23}",7,1,2,1,488,11,3,2,2,686,15,3,2,4,899
"{'Ejercicios_CP01': 29, 'Ejercicios_CP05': 39, 'Ejercicios_CP06': 39, 'Hacer_TC': 47, 'Resolver_TC': 21, 'Exponer_TC': 44, 'Feria_Flotante': 46, 'Feria_Errores': 17, 'Feria_Sistemas': 98, 'Feria_Interpolacion': 62, 'Feria_Combinada': 26, 'Tarea_Extra1': 87, 'Tarea_Extra2': 47, 'Participar_Clase': 64, 'Detectar_Errores': 47, 'Hacer_Meme': 48, 'Hacer_Chiste': 23}",8,2,2,0,391,11,3,2,2,580,15,3,2,4,746
"{'Ejercicios_CP01': 13, 'Ejercicios_CP05': 50, 'Ejercicios_CP06': 25, 'Hacer_TC': 97, 'Resolver_TC': 64, 'Exponer_TC': 59, 'Feria_Flotante': 100, 'Feria_Errores': 90, 'Feria_Sistemas': 34, 'Feria_Interpolacion': 83, 'Feria_Combinada': 78, 'Tarea_Extra1': 99, 'Tarea_Extra2': 2, 'Participar_Clase': 74, 'Detectar_Errores': 44, 'Hacer_Meme': 96, 'Hacer_Chiste': 45}",8,2,2,0,492,10,1,2,2,754,15,3,2,4,1017
"{'Ejercicios_CP01': 29, 'Ejercicios_CP05': 45, 'Ejercicios_CP06': 65, 'Hacer_TC': 74, 'Resolver_TC': 38, 'Exponer_TC': 77, 'Feria_Flotante': 64, 'Feria_Errores': 74, 'Feria_Sistemas': 97, 'Feria_Interpolacion': 81, 'Feria_Combinada': 62, 'Tarea_Extra1': 92, 'Tarea_Extra2': 61, 'Participar_Clase': 15, 'Detectar_Errores': 74, 'Hacer_Meme': 18, 'Hacer_Chiste': 16}",8,2,2,0,402,11,3,2,1,602,15,3,2,4,882
"{'Ejercicios_CP01': 79, 'Ejercicios_CP05': 37, 'Ejercicios_CP06': 22, 'Hacer_TC': 56, 'Resolver_TC': 33, 'Exponer_TC': 19, 'Feria_Flotante': 49, 'Feria_Errores': 59, 'Feria_Sistemas': 96, 'Feria_Interpolacion': 39, 'Feria_Combinada': 87, 'Tarea_Extra1': 16, 'Tarea_Extra2': 64, 'Participar_Clase': 71, 'Detectar_Errores': 9, 'Hacer_Meme': 65, 'Hacer_Chiste': 100}",7,2,2,1,467,11,3,2,2,649,14,3,2,5,843
"{'Ejercicios_CP01': 59, 'Ejercicios_CP05': 29, 'Ejercicios_CP06': 81, 'Hacer_TC': 98, 'Resolver_TC': 65, 'Exponer_TC': 55, 'Feria_Flotante': 25, 'Feria_Errores': 77, 'Feria_Sistemas': 92, 'Feria_Interpolacion': 6, 'Feria_Combinada': 83, 'Tarea_Extra1': 69, 'Tarea_Extra2': 19, 'Participar_Clase': 60, 'Detectar_Errores': 93, 'Hacer_Meme': 37, 'Hacer_Chiste': 35}",8,2,2,0,518,11,3,2,1,708,15,3,2,4,958
"{'Ejercicios_CP01': 43, 'Ejercicios_CP05': 48, 'Ejercicios_CP06': 44, 'Hacer_TC': 4, 'Resolver_TC': 51, 'Exponer_TC': 56, 'Feria_Flotante': 12, 'Feria_Errores': 27, 'Feria_Sistemas': 56, 'Feria_Interpolacion': 47, 'Feria_Combinada': 99, 'Tarea_Extra1': 56, 'Tarea_Extra2': 75, 'Participar_Clase': 35, 'Detectar_Errores': 36, 'Hacer_Meme': 73, 'Hacer_Chiste': 63}",8,3,2,0,398,11,3,2,1,628,15,3,2,4,809
"{'Ejercicios_CP01': 98, 'Ejercicios_CP05': 86, 'Ejercicios_CP06': 21, 'Hacer_TC': 55, 'Resolver_TC': 18, 'Exponer_TC': 95, 'Feria_Flotante': 30, 'Feria_Errores': 91, 'Feria_Sistemas': 49, 'Feria_Interpolacion': 48, 'Feria_Combinada': 84, 'Tarea_Extra1': 17, 'Tarea_Extra2': 58, 'Participar_Clase': 46, 'Detectar_Errores': 77, 'Hacer_Meme': 21, 'Hacer_Chiste': 90}",8,2,2,0,571,11,3,2,2,767,15,3,2,4,936
"{'Ejercicios_CP01': 72, 'Ejercicios_CP05': 59, 'Ejercicios_CP06': 73, 'Hacer_TC': 96, 'Resolver_TC': 94, 'Exponer_TC': 97, 'Feria_Flotante': 35, 'Feria_Errores': 37, 'Feria_Sistemas': 15, 'Feria_Interpolacion': 8, 'Feria_Combinada': 13, 'Tarea_Extra1': 24, 'Tarea_Extra2': 37, 'Participar_Clase': 41, 'Detectar_Errores': 14, 'Hacer_Meme': 4, 'Hacer_Chiste': 89}",7,3,1,0,527,11,3,2,0,676,15,3,2,3,787
"{'Ejercicios_CP01': 33, 'Ejercicios_CP05': 88, 'Ejercicios_CP06': 27, 'Hacer_TC': 56, 'Resolver_TC': 7, 'Exponer_TC': 6, 'Feria_Flotante': 44, 'Feria_Errores': 95, 'Feria_Sistemas': 61, 'Feria_Interpolacion': 73, 'Feria_Combinada': 61, 'Tarea_Extra1': 11, 'Tarea_Extra2': 9, 'Participar_Clase': 54, 'Detectar_Errores': 65, 'Hacer_Meme': 44, 'Hacer_Chiste': 95}",7,2,2,1,474,11,3,2,2,636,15,3,2,5,813
"{'Ejercicios_CP01': 27, 'Ejercicios_CP05': 88, 'Ejercicios_CP06': 58, 'Hacer_TC': 48, 'Resolver_TC': 60, 'Exponer_TC': 86, 'Feria_Flotante': 85, 'Feria_Errores': 16, 'Feria_Sistemas': 81, 'Feria_Interpolacion': 59, 'Feria_Combinada': 15, 'Tarea_Extra1': 92, 'Tarea_Extra2': 80, 'Participar_Clase': 26, 'Detectar_Errores': 57, 'Hacer_Meme': 72, 'Hacer_Chiste': 47}",8,2,2,0,526,11,3,2,1,718,15,3,2,3,966
"{'Ejercicios_CP01': 58, 'Ejercicios_CP05': 7, 'Ejercicios_CP06': 78, 'Hacer_TC': 51, 'Resolver_TC': 50, 'Exponer_TC': 62, 'Feria_Flotante': 76, 'Feria_Errores': 64, 'Feria_Sistemas': 79, 'Feria_Interpolacion': 95, 'Feria_Combinada': 49, 'Tarea_Extra1': 33, 'Tarea_Extra2': 11, 'Participar_Clase': 18, 'Detectar_Errores': 93, 'Hacer_Meme': 63, 'Hacer_Chiste': 57}",8,2,2,0,480,11,3,2,3,686,15,3,2,4,884
"{'Ejercicios_CP01': 71, 'Ejercicios_CP05': 85, 'Ejercicios_CP06': 70, 'Hacer_TC': 52, 'Resolver_TC': 60, 'Exponer_TC': 20, 'Feria_Flotante': 70, 'Feria_Errores': 9, 'Feria_Sistemas': 39, 'Feria_Interpolacion': 35, 'Feria_Combinada': 5, 'Tarea_Extra1': 88, 'Tarea_Extra2': 78, 'Participar_Clase': 75, 'Detectar_Errores': 96, 'Hacer_Meme': 90, 'Hacer_Chiste': 46}",8,3,2,0,621,11,3,2,1,789,15,3,2,3,975
"{'Ejercicios_CP01': 11, 'Ejercicios_CP05': 8, 'Ejercicios_CP06': 6, 'Hacer_TC': 62, 'Resolver_TC': 79, 'Exponer_TC': 76, 'Feria_Flotante': 48, 'Feria_Errores': 28, 'Feria_Sistemas': 16, 'Feria_Interpolacion': 48, 'Feria_Combinada': 85, 'Tarea_Extra1': 50, 'Tarea_Extra2': 56, 'Participar_Clase': 25, 'Detectar_Errores': 53, 'Hacer_Meme': 25, 'Hacer_Chiste': 57}",7,1,2,0,326,10,1,2,1,523,15,3,2,3,689
"{'Ejercicios_CP01': 88, 'Ejercicios_CP05': 76, 'Ejercicios_CP06': 82, 'Hacer_TC': 15, 'Resolver_TC': 23, 'Exponer_TC': 68, 'Feria_Flotante': 97, 'Feria_Errores': 57, 'Feria_Sistemas': 28, 'Feria_Interpolacion': 37, 'Feria_Combinada': 48, 'Tarea_Extra1': 29, 'Tarea_Extra2': 2, 'Participar_Clase': 23, 'Detectar_Errores': 45, 'Hacer_Meme': 67, 'Hacer_Chiste': 46}",8,3,2,0,495,11,3,2,2,678,15,3,2,5,806
"{'Ejercicios_CP01': 43, 'Ejercicios_CP05': 38, 'Ejercicios_CP06': 17, 'Hacer_TC': 22, 'Resolver_TC': 20, 'Exponer_TC': 86, 'Feria_Flotante': 30, 'Feria_Errores': 45, 'Feria_Sistemas': 5, 'Feria_Interpolacion': 92, 'Feria_Combinada': 56, 'Tarea_Extra1': 97, 'Tarea_Extra2': 13, 'Participar_Clase': 10, 'Detectar_Errores': 47, 'Hacer_Meme': 50, 'Hacer_Chiste': 64}",8,2,2,0,435,11,3,2,2,600,15,3,2,4,717
"{'Ejercicios_CP01': 67, 'Ejercicios_CP05': 14, 'Ejercicios_CP06': 27, 'Hacer_TC': 37, 'Resolver_TC': 89, 'Exponer_TC': 32, 'Feria_Flotante': 37, 'Feria_Errores': 17, 'Feria_Sistemas': 17, 'Feria_Interpolacion': 7, 'Feria_Combinada': 26, 'Tarea_Extra1': 76, 'Tarea_Extra2': 91, 'Participar_Clase': 94, 'Detectar_Errores': 63, 'Hacer_Meme': 35, 'Hacer_Chiste': 18}",8,2,2,0,427,11,3,2,0,606,15,3,2,3,723
"{'Ejercicios_CP01': 76, 'Ejercicios_CP05': 75, 'Ejercicios_CP06': 99, 'Hacer_TC': 23, 'Resolver_TC': 98, 'Exponer_TC': 36, 'Feria_Flotante': 90, 'Feria_Errores': 66, 'Feria_Sistemas': 13, 'Feria_Interpolacion': 4, 'Feria_Combinada': 68, 'Tarea_Extra1': 73, 'Tarea_Extra2': 82, 'Participar_Clase': 50, 'Detectar_Errores': 80, 'Hacer_Meme': 44, 'Hacer_Chiste': 40}",8,3,2,0,500,11,3,2,0,753,15,3,2,3,1000
"{'Ejercicios_CP01': 42, 'Ejercicios_CP05': 85, 'Ejercicios_CP06': 71, 'Hacer_TC': 27, 'Resolver_TC': 39, 'Exponer_TC': 45, 'Feria_Flotante': 41, 'Feria_Errores': 44, 'Feria_Sistemas': 100, 'Feria_Interpolacion': 49, 'Feria_Combinada': 66, 'Tarea_Extra1': 18, 'Tarea_Extra2': 76, 'Participar_Clase': 98, 'Detectar_Errores': 4, 'Hacer_Meme': 81, 'Hacer_Chiste': 67}",8,3,2,0,507,11,3,2,2,735,14,3,2,5,904
"{'Ejercicios_CP01': 29, 'Ejercicios_CP05': 50, 'Ejercicios_CP06': 88, 'Hacer_TC': 16, 'Resolver_TC': 97, 'Exponer_TC': 26, 'Feria_Flotante': 18, 'Feria_Errores': 59, 'Feria_Sistemas': 84, 'Feria_Interpolacion': 23, 'Feria_Combinada': 89, 'Tarea_Extra1': 79, 'Tarea_Extra2': 77, 'Participar_Clase': 59, 'Detectar_Errores': 13, 'Hacer_Meme': 30, 'Hacer_Chiste': 9}",8,3,2,0,370,10,2,2,1,599,15,3,2,4,812
"{'Ejercicios_CP01': 86, 'Ejercicios_CP05': 89, 'Ejercicios_CP06': 57, 'Hacer_TC': 29, 'Resolver_TC': 44, 'Exponer_TC': 29, 'Feria_Flotante': 82, 'Feria_Errores': 5, 'Feria_Sistemas': 69, 'Feria_Interpolacion': 66, 'Feria_Combinada': 89, 'Tarea_Extra1': 23, 'Tarea_Extra2': 51, 'Participar_Clase': 29, 'Detectar_Errores': 36, 'Hacer_Meme': 30, 'Hacer_Chiste': 36}",8,3,2,0,392,11,3,2,2,614,15,3,2,4,816
"{'Ejercicios_CP01': 26, 'Ejercicios_CP05': 35, 'Ejercicios_CP06': 54, 'Hacer_TC': 90, 'Resolver_TC': 60, 'Exponer_TC': 100, 'Feria_Flotante': 97, 'Feria_Errores': 84, 'Feria_Sistemas': 95, 'Feria_Interpolacion': 79, 'Feria_Combinada': 93, 'Tarea_Extra1': 44, 'Tarea_Extra2': 52, 'Participar_Clase': 25, 'Detectar_Errores': 27, 'Hacer_Meme': 2, 'Hacer_Chiste': 67}",8,2,2,0,400,11,3,2,2,618,14,3,1,5,924
"{'Ejercicios_CP01': 23, 'Ejercicios_CP05': 58, 'Ejercicios_CP06': 67, 'Hacer_TC': 27, 'Resolver_TC': 23, 'Exponer_TC': 88, 'Feria_Flotante': 20, 'Feria_Errores': 66, 'Feria_Sistemas': 64, 'Feria_Interpolacion': 6, 'Feria_Combinada': 37, 'Tarea_Extra1': 80, 'Tarea_Extra2': 52, 'Participar_Clase': 7, 'Detectar_Errores': 68, 'Hacer_Meme': 100, 'Hacer_Chiste': 75}",8,2,2,0,543,11,3,2,2,696,15,3,2,3,835
"{'Ejercicios_CP01': 56, 'Ejercicios_CP05': 82, 'Ejercicios_CP06': 36, 'Hacer_TC': 53, 'Resolver_TC': 88, 'Exponer_TC': 26, 'Feria_Flotante': 82, 'Feria_Errores': 49, 'Feria_Sistemas': 96, 'Feria_Interpolacion': 26, 'Feria_Combinada': 77, 'Tarea_Extra1': 39, 'Tarea_Extra2': 36, 'Participar_Clase': 43, 'Detectar_Errores': 11, 'Hacer_Meme': 13, 'Hacer_Chiste': 20}",7,2,2,1,336,11,3,2,2,553,15,3,2,4,771
"{'Ejercicios_CP01': 45, 'Ejercicios_CP05': 6, 'Ejercicios_CP06': 75, 'Hacer_TC': 17, 'Resolver_TC': 7, 'Exponer_TC': 83, 'Feria_Flotante': 55, 'Feria_Errores': 87, 'Feria_Sistemas': 65, 'Feria_Interpolacion': 73, 'Feria_Combinada': 72, 'Tarea_Extra1': 65, 'Tarea_Extra2': 19, 'Participar_Clase': 23, 'Detectar_Errores': 15, 'Hacer_Meme': 33, 'Hacer_Chiste': 55}",7,2,2,1,401,11,3,2,2,560,15,3,2,5,771
"{'Ejercicios_CP01': 79, 'Ejercicios_CP05': 54, 'Ejercicios_CP06': 86, 'Hacer_TC': 50, 'Resolver_TC': 70, 'Exponer_TC': 3, 'Feria_Flotante': 4, 'Feria_Errores': 3, 'Feria_Sistemas': 91, 'Feria_Interpolacion': 83, 'Feria_Combinada': 94, 'Tarea_Extra1': 58, 'Tarea_Extra2': 92, 'Participar_Clase': 1, 'Detectar_Errores': 20, 'Hacer_Meme': 7, 'Hacer_Chiste': 77}",7,3,2,0,415,11,3,2,2,604,15,3,2,3,865
"{'Ejercicios_CP01': 48, 'Ejercicios_CP05': 30, 'Ejercicios_CP06': 30, 'Hacer_TC': 34, 'Resolver_TC': 75, 'Exponer_TC': 93, 'Feria_Flotante': 58, 'Feria_Errores': 59, 'Feria_Sistemas': 80, 'Feria_Interpolacion': 41, 'Feria_Combinada': 97, 'Tarea_Extra1': 61, 'Tarea_Extra2': 32, 'Participar_Clase': 21, 'Detectar_Errores': 23, 'Hacer_Meme': 23, 'Hacer_Chiste': 74}",7,1,2,1,379,11,3,2,2,580,15,3,2,4,806
"{'Ejercicios_CP01': 6, 'Ejercicios_CP05': 46, 'Ejercicios_CP06': 64, 'Hacer_TC': 45, 'Resolver_TC': 13, 'Exponer_TC': 8, 'Feria_Flotante': 29, 'Feria_Errores': 19, 'Feria_Sistemas': 8, 'Feria_Interpolacion': 47, 'Feria_Combinada': 94, 'Tarea_Extra1': 1, 'Tarea_Extra2': 1, 'Participar_Clase': 61, 'Detectar_Errores': 42, 'Hacer_Meme': 61, 'Hacer_Chiste': 60}",7,2,2,1,428,11,3,2,2,534,15,3,2,4,596
"{'Ejercicios_CP01': 73, 'Ejercicios_CP05': 61, 'Ejercicios_CP06': 27, 'Hacer_TC': 26, 'Resolver_TC': 44, 'Exponer_TC': 73, 'Feria_Flotante': 52, 'Feria_Errores': 83, 'Feria_Sistemas': 76, 'Feria_Interpolacion': 87, 'Feria_Combinada': 58, 'Tarea_Extra1': 90, 'Tarea_Extra2': 47, 'Participar_Clase': 88, 'Detectar_Errores': 15, 'Hacer_Meme': 67, 'Hacer_Chiste': 46}",8,3,2,0,525,11,3,2,2,710,15,3,2,5,943
"{'Ejercicios_CP01': 24, 'Ejercicios_CP05': 50, 'Ejercicios_CP06': 59, 'Hacer_TC': 35, 'Resolver_TC': 62, 'Exponer_TC': 95, 'Feria_Flotante': 98, 'Feria_Errores': 41, 'Feria_Sistemas': 78, 'Feria_Interpolacion': 49, 'Feria_Combinada': 17, 'Tarea_Extra1': 14, 'Tarea_Extra2': 40, 'Participar_Clase': 84, 'Detectar_Errores': 22, 'Hacer_Meme': 68, 'Hacer_Chiste': 70}",7,2,2,1,524,11,3,2,2,710,15,3,2,4,875
"{'Ejercicios_CP01': 36, 'Ejercicios_CP05': 14, 'Ejercicios_CP06': 61, 'Hacer_TC': 32, 'Resolver_TC': 30, 'Exponer_TC': 32, 'Feria_Flotante': 55, 'Feria_Errores': 52, 'Feria_Sistemas': 49, 'Feria_Interpolacion': 80, 'Feria_Combinada': 96, 'Tarea_Extra1': 34, 'Tarea_Extra2': 84, 'Participar_Clase': 10, 'Detectar_Errores': 7, 'Hacer_Meme': 79, 'Hacer_Chiste': 39}",8,2,2,0,348,11,3,2,2,538,15,3,2,5,728
"{'Ejercicios_CP01': 17, 'Ejercicios_CP05': 47, 'Ejercicios_CP06': 21, 'Hacer_TC': 84, 'Resolver_TC': 7, 'Exponer_TC': 20, 'Feria_Flotante': 76, 'Feria_Errores': 63, 'Feria_Sistemas': 32, 'Feria_Interpolacion': 43, 'Feria_Combinada': 96, 'Tarea_Extra1': 97, 'Tarea_Extra2': 5, 'Participar_Clase': 16, 'Detectar_Errores': 46, 'Hacer_Meme': 69, 'Hacer_Chiste': 17}",8,2,2,0,333,10,1,2,2,568,15,3,2,5,744
"{'Ejercicios_CP01': 67, 'Ejercicios_CP05': 33, 'Ejercicios_CP06': 42, 'Hacer_TC': 56, 'Resolver_TC': 68, 'Exponer_TC': 55, 'Feria_Flotante': 83, 'Feria_Errores': 33, 'Feria_Sistemas': 67, 'Feria_Interpolacion': 56, 'Feria_Combinada': 82, 'Tarea_Extra1': 73, 'Tarea_Extra2': 22, 'Participar_Clase': 83, 'Detectar_Errores': 68, 'Hacer_Meme': 72, 'Hacer_Chiste': 98}",8,2,2,0,558,11,3,2,2,756,15,3,2,4,1003
"{'Ejercicios_CP01': 25, 'Ejercicios_CP05': 43, 'Ejercicios_CP06': 73, 'Hacer_TC': 11, 'Resolver_TC': 75, 'Exponer_TC': 44, 'Feria_Flotante': 8, 'Feria_Errores': 36, 'Feria_Sistemas': 67, 'Feria_Interpolacion': 62, 'Feria_Combinada': 13, 'Tarea_Extra1': 34, 'Tarea_Extra2': 53, 'Participar_Clase': 30, 'Detectar_Errores': 37, 'Hacer_Meme': 2, 'Hacer_Chiste': 82}",7,2,1,0,384,11,3,2,2,540,15,3,2,3,674
"{'Ejercicios_CP01': 35, 'Ejercicios_CP05': 12, 'Ejercicios_CP06': 85, 'Hacer_TC': 27, 'Resolver_TC': 79, 'Exponer_TC': 68, 'Feria_Flotante': 65, 'Feria_Errores': 63, 'Feria_Sistemas': 34, 'Feria_Interpolacion': 90, 'Feria_Combinada': 92, 'Tarea_Extra1': 83, 'Tarea_Extra2': 73, 'Participar_Clase': 62, 'Detectar_Errores': 33, 'Hacer_Meme': 44, 'Hacer_Chiste': 45}",8,2,2,0,455,11,3,2,1,630,15,3,2,4,929
"{'Ejercicios_CP01': 64, 'Ejercicios_CP05': 35, 'Ejercicios_CP06': 38, 'Hacer_TC': 21, 'Resolver_TC': 38, 'Exponer_TC': 39, 'Feria_Flotante': 9, 'Feria_Errores': 69, 'Feria_Sistemas': 82, 'Feria_Interpolacion': 53, 'Feria_Combinada': 13, 'Tarea_Extra1': 46, 'Tarea_Extra2': 13, 'Participar_Clase': 24, 'Detectar_Errores': 85, 'Hacer_Meme': 19, 'Hacer_Chiste': 75}",8,3,2,0,379,11,3,2,2,576,15,3,2,3,701
"{'Ejercicios_CP01': 5, 'Ejercicios_CP05': 96, 'Ejercicios_CP06': 9, 'Hacer_TC': 28, 'Resolver_TC': 25, 'Exponer_TC': 96, 'Feria_Flotante': 72, 'Feria_Errores': 10, 'Feria_Sistemas': 53, 'Feria_Interpolacion': 2, 'Feria_Combinada': 15, 'Tarea_Extra1': 36, 'Tarea_Extra2': 18, 'Participar_Clase': 28, 'Detectar_Errores': 33, 'Hacer_Meme': 48, 'Hacer_Chiste': 100}",7,1,2,1,473,10,1,2,2,590,15,3,2,3,662
"{'Ejercicios_CP01': 46, 'Ejercicios_CP05': 74, 'Ejercicios_CP06': 76, 'Hacer_TC': 94, 'Resolver_TC': 51, 'Exponer_TC': 88, 'Feria_Flotante': 27, 'Feria_Errores': 79, 'Feria_Sistemas': 25, 'Feria_Interpolacion': 35, 'Feria_Combinada': 5, 'Tarea_Extra1': 4, 'Tarea_Extra2': 67, 'Participar_Clase': 75, 'Detectar_Errores': 26, 'Hacer_Meme': 24, 'Hacer_Chiste': 69}",8,3,2,0,478,11,3,2,1,718,15,3,2,4,856
"{'Ejercicios_CP01': 90, 'Ejercicios_CP05': 81, 'Ejercicios_CP06': 27, 'Hacer_TC': 78, 'Resolver_TC': 90, 'Exponer_TC': 36, 'Feria_Flotante': 92, 'Feria_Errores': 59, 'Feria_Sistemas': 81, 'Feria_Interpolacion': 19, 'Feria_Combinada': 53, 'Tarea_Extra1': 17, 'Tarea_Extra2': 11, 'Participar_Clase': 34, 'Detectar_Errores': 37, 'Hacer_Meme': 71, 'Hacer_Chiste': 98}",8,2,2,0,525,11,3,2,1,734,15,3,2,4,944
"{'Ejercicios_CP01': 86, 'Ejercicios_CP05': 22, 'Ejercicios_CP06': 81, 'Hacer_TC': 10, 'Resolver_TC': 11, 'Exponer_TC': 34, 'Feria_Flotante': 62, 'Feria_Errores': 22, 'Feria_Sistemas': 17, 'Feria_Interpolacion': 17, 'Feria_Combinada': 9, 'Tarea_Extra1': 57, 'Tarea_Extra2': 96, 'Participar_Clase': 6, 'Detectar_Errores': 2, 'Hacer_Meme': 56, 'Hacer_Chiste': 86}",7,3,2,0,461,11,3,2,1,588,15,3,2,4,654
"{'Ejercicios_CP01': 72, 'Ejercicios_CP05': 46, 'Ejercicios_CP06': 22, 'Hacer_TC': 47, 'Resolver_TC': 16, 'Exponer_TC': 30, 'Feria_Flotante': 23, 'Feria_Errores': 63, 'Feria_Sistemas': 90, 'Feria_Interpolacion': 63, 'Feria_Combinada': 74, 'Tarea_Extra1': 63, 'Tarea_Extra2': 42, 'Participar_Clase': 66, 'Detectar_Errores': 7, 'Hacer_Meme': 86, 'Hacer_Chiste': 4}",7,2,2,1,394,11,3,2,2,560,15,3,2,4,775
"{'Ejercicios_CP01': 54, 'Ejercicios_CP05': 8, 'Ejercicios_CP06': 74, 'Hacer_TC': 69, 'Resolver_TC': 38, 'Exponer_TC': 92, 'Feria_Flotante': 36, 'Feria_Errores': 22, 'Feria_Sistemas': 61, 'Feria_Interpolacion': 76, 'Feria_Combinada': 20, 'Tarea_Extra1': 84, 'Tarea_Extra2': 9, 'Participar_Clase': 34, 'Detectar_Errores': 74, 'Hacer_Meme': 75, 'Hacer_Chiste': 52}",8,2,2,0,539,11,3,2,1,692,15,3,2,4,849
"{'Ejercicios_CP01': 46, 'Ejercicios_CP05': 21, 'Ejercicios_CP06': 63, 'Hacer_TC': 20, 'Resolver_TC': 68, 'Exponer_TC': 92, 'Feria_Flotante': 74, 'Feria_Errores': 75, 'Feria_Sistemas': 2, 'Feria_Interpolacion': 38, 'Feria_Combinada': 7, 'Tarea_Extra1': 80, 'Tarea_Extra2': 79, 'Participar_Clase': 21, 'Detectar_Errores': 35, 'Hacer_Meme': 71, 'Hacer_Chiste': 52}",8,2,2,0,460,11,3,2,1,635,15,3,2,3,835
"{'Ejercicios_CP01': 24, 'Ejercicios_CP05': 68, 'Ejercicios_CP06': 9, 'Hacer_TC': 59, 'Resolver_TC': 78, 'Exponer_TC': 11, 'Feria_Flotante': 56, 'Feria_Errores': 9, 'Feria_Sistemas': 63, 'Feria_Interpolacion': 28, 'Feria_Combinada': 87, 'Tarea_Extra1': 41, 'Tarea_Extra2': 90, 'Participar_Clase': 100, 'Detectar_Errores': 91, 'Hacer_Meme': 94, 'Hacer_Chiste': 100}",8,2,2,0,578,9,1,2,1,767,15,3,2,3,971
"{'Ejercicios_CP01': 53, 'Ejercicios_CP05': 35, 'Ejercicios_CP06': 90, 'Hacer_TC': 62, 'Resolver_TC': 68, 'Exponer_TC': 15, 'Feria_Flotante': 91, 'Feria_Errores': 11, 'Feria_Sistemas': 21, 'Feria_Interpolacion': 37, 'Feria_Combinada': 95, 'Tarea_Extra1': 57, 'Tarea_Extra2': 4, 'Participar_Clase': 61, 'Detectar_Errores': 79, 'Hacer_Meme': 22, 'Hacer_Chiste': 37}",8,3,2,0,434,11,3,2,2,635,15,3,2,4,823
"{'Ejercicios_CP01': 9, 'Ejercicios_CP05': 81, 'Ejercicios_CP06': 58, 'Hacer_TC': 79, 'Resolver_TC': 37, 'Exponer_TC': 74, 'Feria_Flotante': 28, 'Feria_Errores': 8, 'Feria_Sistemas': 63, 'Feria_Interpolacion': 66, 'Feria_Combinada': 68, 'Tarea_Extra1': 60, 'Tarea_Extra2': 77, 'Participar_Clase': 70, 'Detectar_Errores': 76, 'Hacer_Meme': 16, 'Hacer_Chiste': 17}",8,2,2,0,471,11,3,2,0,617,15,3,2,3,851
"{'Ejercicios_CP01': 64, 'Ejercicios_CP05': 68, 'Ejercicios_CP06': 23, 'Hacer_TC': 77, 'Resolver_TC': 12, 'Exponer_TC': 97, 'Feria_Flotante': 58, 'Feria_Errores': 68, 'Feria_Sistemas': 27, 'Feria_Interpolacion': 98, 'Feria_Combinada': 38, 'Tarea_Extra1': 9, 'Tarea_Extra2': 55, 'Participar_Clase': 94, 'Detectar_Errores': 77, 'Hacer_Meme': 37, 'Hacer_Chiste': 67}",8,2,2,0,581,11,3,2,2,770,15,3,2,4,930
"{'Ejercicios_CP01': 81, 'Ejercicios_CP05': 97, 'Ejercicios_CP06': 52, 'Hacer_TC': 4, 'Resolver_TC': 87, 'Exponer_TC': 45, 'Feria_Flotante': 91, 'Feria_Errores': 23, 'Feria_Sistemas': 10, 'Feria_Interpolacion': 15, 'Feria_Combinada': 7, 'Tarea_Extra1': 94, 'Tarea_Extra2': 21, 'Participar_Clase': 91, 'Detectar_Errores': 70, 'Hacer_Meme': 14, 'Hacer_Chiste': 21}",8,3,2,0,471,11,3,2,1,743,15,3,2,4,812
"{'Ejercicios_CP01': 38, 'Ejercicios_CP05': 33, 'Ejercicios_CP06': 37, 'Hacer_TC': 34, 'Resolver_TC': 33, 'Exponer_TC': 96, 'Feria_Flotante': 69, 'Feria_Errores': 60, 'Feria_Sistemas': 45, 'Feria_Interpolacion': 71, 'Feria_Combinada': 68, 'Tarea_Extra1': 19, 'Tarea_Extra2': 12, 'Participar_Clase': 18, 'Detectar_Errores': 87, 'Hacer_Meme': 9, 'Hacer_Chiste': 95}",8,3,2,0,413,11,3,2,3,613,15,3,2,5,779
"{'Ejercicios_CP01': 20, 'Ejercicios_CP05': 79, 'Ejercicios_CP06': 94, 'Hacer_TC': 95, 'Resolver_TC': 58, 'Exponer_TC': 88, 'Feria_Flotante': 48, 'Feria_Errores': 10, 'Feria_Sistemas': 63, 'Feria_Interpolacion': 9, 'Feria_Combinada': 68, 'Tarea_Extra1': 74, 'Tarea_Extra2': 51, 'Participar_Clase': 6, 'Detectar_Errores': 86, 'Hacer_Meme': 83, 'Hacer_Chiste': 14}",8,2,2,0,545,10,2,2,1,727,15,3,2,3,927
"{'Ejercicios_CP01': 25, 'Ejercicios_CP05': 26, 'Ejercicios_CP06': 93, 'Hacer_TC': 80, 'Resolver_TC': 49, 'Exponer_TC': 28, 'Feria_Flotante': 46, 'Feria_Errores': 100, 'Feria_Sistemas': 67, 'Feria_Interpolacion': 64, 'Feria_Combinada': 38, 'Tarea_Extra1': 72, 'Tarea_Extra2': 30, 'Participar_Clase': 5, 'Detectar_Errores': 33, 'Hacer_Meme': 35, 'Hacer_Chiste': 90}",7,2,2,1,405,11,3,2,1,587,15,3,2,4,813
"{'Ejercicios_CP01': 92, 'Ejercicios_CP05': 12, 'Ejercicios_CP06': 63, 'Hacer_TC': 30, 'Resolver_TC': 8, 'Exponer_TC': 26, 'Feria_Flotante': 67, 'Feria_Errores': 86, 'Feria_Sistemas': 84, 'Feria_Interpolacion': 97, 'Feria_Combinada': 27, 'Tarea_Extra1': 12, 'Tarea_Extra2': 26, 'Participar_Clase': 61, 'Detectar_Errores': 27, 'Hacer_Meme': 66, 'Hacer_Chiste': 88}",8,2,2,0,453,11,3,2,3,702,15,3,2,4,837
"{'Ejercicios_CP01': 4, 'Ejercicios_CP05': 53, 'Ejercicios_CP06': 63, 'Hacer_TC': 82, 'Resolver_TC': 5, 'Exponer_TC': 29, 'Feria_Flotante': 20, 'Feria_Errores': 38, 'Feria_Sistemas': 34, 'Feria_Interpolacion': 17, 'Feria_Combinada': 14, 'Tarea_Extra1': 52, 'Tarea_Extra2': 37, 'Participar_Clase': 15, 'Detectar_Errores': 75, 'Hacer_Meme': 69, 'Hacer_Chiste': 29}",8,2,2,0,415,11,3,2,0,508,15,3,2,4,617
"{'Ejercicios_CP01': 89, 'Ejercicios_CP05': 83, 'Ejercicios_CP06': 85, 'Hacer_TC': 79, 'Resolver_TC': 25, 'Exponer_TC': 15, 'Feria_Flotante': 9, 'Feria_Errores': 15, 'Feria_Sistemas': 12, 'Feria_Interpolacion': 93, 'Feria_Combinada': 81, 'Tarea_Extra1': 85, 'Tarea_Extra2': 73, 'Participar_Clase': 53, 'Detectar_Errores': 7, 'Hacer_Meme': 21, 'Hacer_Chiste': 92}",8,3,2,0,523,10,3,2,1,753,15,3,2,3,896
"{'Ejercicios_CP01': 55, 'Ejercicios_CP05': 61, 'Ejercicios_CP06': 4, 'Hacer_TC': 83, 'Resolver_TC': 27, 'Exponer_TC': 75, 'Feria_Flotante': 19, 'Feria_Errores': 74, 'Feria_Sistemas': 2, 'Feria_Interpolacion': 53, 'Feria_Combinada': 44, 'Tarea_Extra1': 96, 'Tarea_Extra2': 12, 'Participar_Clase': 79, 'Detectar_Errores': 58, 'Hacer_Meme': 25, 'Hacer_Chiste': 73}",8,2,2,0,522,11,3,2,1,683,15,3,2,4,826
"{'Ejercicios_CP01': 29, 'Ejercicios_CP05': 12, 'Ejercicios_CP06': 44, 'Hacer_TC': 16, 'Resolver_TC': 100, 'Exponer_TC': 58, 'Feria_Flotante': 75, 'Feria_Errores': 67, 'Feria_Sistemas': 96, 'Feria_Interpolacion': 62, 'Feria_Combinada': 1, 'Tarea_Extra1': 26, 'Tarea_Extra2': 3, 'Participar_Clase': 30, 'Detectar_Errores': 86, 'Hacer_Meme': 92, 'Hacer_Chiste': 67}",7,1,2,0,477,11,3,2,2,689,15,3,2,4,860
"{'Ejercicios_CP01': 29, 'Ejercicios_CP05': 3, 'Ejercicios_CP06': 90, 'Hacer_TC': 8, 'Resolver_TC': 22, 'Exponer_TC': 61, 'Feria_Flotante': 92, 'Feria_Errores': 17, 'Feria_Sistemas': 100, 'Feria_Interpolacion': 50, 'Feria_Combinada': 20, 'Tarea_Extra1': 78, 'Tarea_Extra2': 68, 'Participar_Clase': 34, 'Detectar_Errores': 10, 'Hacer_Meme': 91, 'Hacer_Chiste': 65}",8,2,2,0,458,10,2,2,2,708,15,3,2,4,813
"{'Ejercicios_CP01': 54, 'Ejercicios_CP05': 29, 'Ejercicios_CP06': 5, 'Hacer_TC': 69, 'Resolver_TC': 41, 'Exponer_TC': 61, 'Feria_Flotante': 28, 'Feria_Errores': 97, 'Feria_Sistemas': 67, 'Feria_Interpolacion': 2, 'Feria_Combinada': 7, 'Tarea_Extra1': 59, 'Tarea_Extra2': 46, 'Participar_Clase': 43, 'Detectar_Errores': 7, 'Hacer_Meme': 57, 'Hacer_Chiste': 36}",7,2,2,1,377,10,2,2,2,572,15,3,2,3,699
"{'Ejercicios_CP01': 45, 'Ejercicios_CP05': 31, 'Ejercicios_CP06': 8, 'Hacer_TC': 78, 'Resolver_TC': 41, 'Exponer_TC': 97, 'Feria_Flotante': 92, 'Feria_Errores': 4, 'Feria_Sistemas': 86, 'Feria_Interpolacion': 8, 'Feria_Combinada': 4, 'Tarea_Extra1': 66, 'Tarea_Extra2': 39, 'Participar_Clase': 28, 'Detectar_Errores': 94, 'Hacer_Meme': 70, 'Hacer_Chiste': 95}",7,1,2,1,521,10,1,2,2,751,15,3,2,3,878
"{'Ejercicios_CP01': 55, 'Ejercicios_CP05': 77, 'Ejercicios_CP06': 67, 'Hacer_TC': 88, 'Resolver_TC': 41, 'Exponer_TC': 3, 'Feria_Flotante': 96, 'Feria_Errores': 14, 'Feria_Sistemas': 39, 'Feria_Interpolacion': 67, 'Feria_Combinada': 4, 'Tarea_Extra1': 23, 'Tarea_Extra2': 57, 'Participar_Clase': 35, 'Detectar_Errores': 87, 'Hacer_Meme': 86, 'Hacer_Chiste': 89}",8,3,2,0,519,11,3,2,2,750,15,3,2,3,910
"{'Ejercicios_CP01': 55, 'Ejercicios_CP05': 24, 'Ejercicios_CP06': 2, 'Hacer_TC': 47, 'Resolver_TC': 60, 'Exponer_TC': 17, 'Feria_Flotante': 29, 'Feria_Errores': 55, 'Feria_Sistemas': 39, 'Feria_Interpolacion': 35, 'Feria_Combinada': 31, 'Tarea_Extra1': 94, 'Tarea_Extra2': 94, 'Participar_Clase': 43, 'Detectar_Errores': 44, 'Hacer_Meme': 66, 'Hacer_Chiste': 83}",8,2,2,0,426,11,3,2,0,582,15,3,2,3,758
"{'Ejercicios_CP01': 32, 'Ejercicios_CP05': 67, 'Ejercicios_CP06': 94, 'Hacer_TC': 52, 'Resolver_TC': 88, 'Exponer_TC': 35, 'Feria_Flotante': 96, 'Feria_Errores': 20, 'Feria_Sistemas': 5, 'Feria_Interpolacion': 19, 'Feria_Combinada': 40, 'Tarea_Extra1': 21, 'Tarea_Extra2': 42, 'Participar_Clase': 81, 'Detectar_Errores': 18, 'Hacer_Meme': 70, 'Hacer_Chiste': 68}",7,2,2,1,511,11,3,2,1,701,15,3,2,3,824
"{'Ejercicios_CP01': 65, 'Ejercicios_CP05': 67, 'Ejercicios_CP06': 89, 'Hacer_TC': 73, 'Resolver_TC': 25, 'Exponer_TC': 18, 'Feria_Flotante': 16, 'Feria_Errores': 20, 'Feria_Sistemas': 8, 'Feria_Interpolacion': 2, 'Feria_Combinada': 72, 'Tarea_Extra1': 38, 'Tarea_Extra2': 30, 'Participar_Clase': 29, 'Detectar_Errores': 45, 'Hacer_Meme': 20, 'Hacer_Chiste': 93}",8,3,2,0,426,11,3,2,1,609,15,3,2,3,700
"{'Ejercicios_CP01': 2, 'Ejercicios_CP05': 96, 'Ejercicios_CP06': 77, 'Hacer_TC': 14, 'Resolver_TC': 50, 'Exponer_TC': 48, 'Feria_Flotante': 28, 'Feria_Errores': 63, 'Feria_Sistemas': 30, 'Feria_Interpolacion': 75, 'Feria_Combinada': 82, 'Tarea_Extra1': 8, 'Tarea_Extra2': 100, 'Participar_Clase': 53, 'Detectar_Errores': 64, 'Hacer_Meme': 70, 'Hacer_Chiste': 100}",8,2,2,0,608,11,3,2,2,767,14,2,2,5,936
"{'Ejercicios_CP01': 18, 'Ejercicios_CP05': 98, 'Ejercicios_CP06': 35, 'Hacer_TC': 48, 'Resolver_TC': 80, 'Exponer_TC': 68, 'Feria_Flotante': 98, 'Feria_Errores': 14, 'Feria_Sistemas': 85, 'Feria_Interpolacion': 52, 'Feria_Combinada': 13, 'Tarea_Extra1': 52, 'Tarea_Extra2': 100, 'Participar_Clase': 58, 'Detectar_Errores': 80, 'Hacer_Meme': 77, 'Hacer_Chiste': 52}",8,2,2,0,568,11,3,2,2,769,15,3,2,3,1001
"{'Ejercicios_CP01': 15, 'Ejercicios_CP05': 99, 'Ejercicios_CP06': 24, 'Hacer_TC': 97, 'Resolver_TC': 29, 'Exponer_TC': 22, 'Feria_Flotante': 93, 'Feria_Errores': 8, 'Feria_Sistemas': 77, 'Feria_Interpolacion': 3, 'Feria_Combinada': 2, 'Tarea_Extra1': 12, 'Tarea_Extra2': 4, 'Participar_Clase': 97, 'Detectar_Errores': 34, 'Hacer_Meme': 43, 'Hacer_Chiste': 38}",8,2,2,0,454,11,3,2,2,639,15,3,2,3,692
"{'Ejercicios_CP01': 77, 'Ejercicios_CP05': 49, 'Ejercicios_CP06': 2, 'Hacer_TC': 26, 'Resolver_TC': 62, 'Exponer_TC': 48, 'Feria_Flotante': 1, 'Feria_Errores': 9, 'Feria_Sistemas': 35, 'Feria_Interpolacion': 65, 'Feria_Combinada': 2, 'Tarea_Extra1': 72, 'Tarea_Extra2': 69, 'Participar_Clase': 24, 'Detectar_Errores': 64, 'Hacer_Meme': 26, 'Hacer_Chiste': 91}",8,2,2,0,451,11,3,2,1,587,15,3,2,3,719
"{'Ejercicios_CP01': 80, 'Ejercicios_CP05': 83, 'Ejercicios_CP06': 93, 'Hacer_TC': 79, 'Resolver_TC': 35, 'Exponer_TC': 73, 'Feria_Flotante': 77, 'Feria_Errores': 52, 'Feria_Sistemas': 68, 'Feria_Interpolacion': 1, 'Feria_Combinada': 77, 'Tarea_Extra1': 100, 'Tarea_Extra2': 91, 'Participar_Clase': 100, 'Detectar_Errores': 87, 'Hacer_Meme': 79, 'Hacer_Chiste': 75}",8,3,2,0,670,11,3,2,0,940,15,3,2,4,1214
"{'Ejercicios_CP01': 17, 'Ejercicios_CP05': 48, 'Ejercicios_CP06': 83, 'Hacer_TC': 66, 'Resolver_TC': 69, 'Exponer_TC': 48, 'Feria_Flotante': 58, 'Feria_Errores': 96, 'Feria_Sistemas': 34, 'Feria_Interpolacion': 38, 'Feria_Combinada': 68, 'Tarea_Extra1': 67, 'Tarea_Extra2': 64, 'Participar_Clase': 87, 'Detectar_Errores': 74, 'Hacer_Meme': 32, 'Hacer_Chiste': 58}",8,2,2,0,497,11,3,2,1,676,15,3,2,3,935
"{'Ejercicios_CP01': 95, 'Ejercicios_CP05': 6, 'Ejercicios_CP06': 54, 'Hacer_TC': 34, 'Resolver_TC': 53, 'Exponer_TC': 44, 'Feria_Flotante': 79, 'Feria_Errores': 45, 'Feria_Sistemas': 81, 'Feria_Interpolacion': 69, 'Feria_Combinada': 52, 'Tarea_Extra1': 32, 'Tarea_Extra2': 31, 'Participar_Clase': 41, 'Detectar_Errores': 95, 'Hacer_Meme': 1, 'Hacer_Chiste': 72}",7,2,1,1,482,11,3,2,3,637,14,3,1,5,818
"{'Ejercicios_CP01': 27, 'Ejercicios_CP05': 68, 'Ejercicios_CP06': 5, 'Hacer_TC': 33, 'Resolver_TC': 30, 'Exponer_TC': 21, 'Feria_Flotante': 18, 'Feria_Errores': 90, 'Feria_Sistemas': 11, 'Feria_Interpolacion': 69, 'Feria_Combinada': 58, 'Tarea_Extra1': 97, 'Tarea_Extra2': 62, 'Participar_Clase': 77, 'Detectar_Errores': 12, 'Hacer_Meme': 26, 'Hacer_Chiste': 79}",6,1,2,1,437,10,2,2,2,616,15,3,2,3,754
"{'Ejercicios_CP01': 51, 'Ejercicios_CP05': 8, 'Ejercicios_CP06': 68, 'Hacer_TC': 75, 'Resolver_TC': 29, 'Exponer_TC': 74, 'Feria_Flotante': 46, 'Feria_Errores': 11, 'Feria_Sistemas': 28, 'Feria_Interpolacion': 87, 'Feria_Combinada': 74, 'Tarea_Extra1': 91, 'Tarea_Extra2': 5, 'Participar_Clase': 25, 'Detectar_Errores': 80, 'Hacer_Meme': 2, 'Hacer_Chiste': 60}",8,2,2,0,451,11,3,2,1,621,15,3,2,4,798
"{'Ejercicios_CP01': 70, 'Ejercicios_CP05': 41, 'Ejercicios_CP06': 69, 'Hacer_TC': 5, 'Resolver_TC': 78, 'Exponer_TC': 91, 'Feria_Flotante': 52, 'Feria_Errores': 99, 'Feria_Sistemas': 46, 'Feria_Interpolacion': 82, 'Feria_Combinada': 56, 'Tarea_Extra1': 47, 'Tarea_Extra2': 36, 'Participar_Clase': 63, 'Detectar_Errores': 12, 'Hacer_Meme': 57, 'Hacer_Chiste': 90}",8,3,2,0,528,11,3,2,2,752,15,3,2,4,943
"{'Ejercicios_CP01': 56, 'Ejercicios_CP05': 73, 'Ejercicios_CP06': 29, 'Hacer_TC': 30, 'Resolver_TC': 50, 'Exponer_TC': 46, 'Feria_Flotante': 78, 'Feria_Errores': 32, 'Feria_Sistemas': 58, 'Feria_Interpolacion': 37, 'Feria_Combinada': 15, 'Tarea_Extra1': 83, 'Tarea_Extra2': 22, 'Participar_Clase': 87, 'Detectar_Errores': 44, 'Hacer_Meme': 8, 'Hacer_Chiste': 73}",8,2,2,0,470,11,3,2,2,635,15,3,2,4,784
